name,email,country
D'arcy,dhanbyc@theatlantic.com,United States
Thoma,tlowndsborough1t@cdbaby.com,United States
Sigismondo,sbartalin21@mtv.com,United States
Nyssa,nmarishenko2h@apache.org,United States
Garvey,gbarkhouse4m@nbcnews.com,United States
Xenos,xpinnion5w@cloudflare.com,United States
Laural,lcrayker6n@etsy.com,United States
Philomena,pschneider6w@simplemachines.org,United States
Will,weckley76@merriam-webster.com,United States
Gard,gpage7k@behance.net,United States
Nilson,nmeadway7m@pcworld.com,United States
Yuma,yburtonshaw8x@answers.com,United States
Julina,jdimblebybe@geocities.com,United States
Corey,ccaughanbf@timesonline.co.uk,United States
Arielle,agreenhallej@icio.us,United States
Alexia,amallabyf4@wiley.com,United States
Kingsley,kseelerhq@businessinsider.com,United States
Colan,clepiscopihy@mac.com,United States
Justis,jjakoubekjo@seesaa.net,United States
Leland,lredhollsjx@biglobe.ne.jp,United States
Tamiko,tpepyem9@canalblog.com,United States
Felike,fcodimm@narod.ru,United States
Bertrand,bjimen2@rediff.com,United States
Christel,cdeakinsnu@apache.org,United States
Margarette,mwhitwoodp1@liveinternet.ru,United States
Leda,lpaddlepl@nyu.edu,United States
Odelle,orobbingsq4@patch.com,United States
Waylin,wblackburnqh@businessweek.com,United States
Jase,jbehninckql@tinypic.com,United States
Kennedy,kranscombrg@wikia.com,United States
Ediva,ebeveragerp@google.nl,United States